{"0": [17.18027577961229, 19.05311455669075, 21.53058857757428, 22.247674745926417, 22.705736340581534, 22.705736340581534, 22.705736340581534, 22.705736340581534, 22.705736340581534, 22.705736340581534, 22.705736340581534, 22.705736340581534, 22.705736340581534, 22.705736340581534, 22.705736340581534, 22.705736340581534, 22.705736340581534, 25.313488040281804, 25.313488040281804, 25.313488040281804, 27.22097248014762, 27.328292973910578, 30.035807057648995, 30.035807057648995, 30.035807057648995], "1": [11.269865332992282, 13.204011149775857, 13.697545540447328, 14.734201819257121, 18.090994633264263, 18.090994633264263, 18.26191580555541, 18.26191580555541, 19.77630979200035, 19.77630979200035, 19.77630979200035, 22.375198526454007, 34.736806346283224, 34.99806990331701, 34.99806990331701, 34.99806990331701, 34.99806990331701, 45.36750072479695, 45.36750072479695, 45.36750072479695, 51.83418040019151, 51.83418040019151, 51.83418040019151, 51.83418040019151, 51.83418040019151], "2": [9.759017839461563, 11.563384482307399, 12.459959128093072, 12.459959128093072, 12.459959128093072, 12.459959128093072, 12.459959128093072, 12.459959128093072, 12.459959128093072, 12.68126936827502, 13.598583809501251, 13.96906565894403, 17.543700448236407, 17.543700448236407, 17.543700448236407, 17.543700448236407, 17.543700448236407, 17.543700448236407, 17.543700448236407, 17.543700448236407, 17.543700448236407, 17.543700448236407, 17.543700448236407, 17.543700448236407, 17.543700448236407], "3": [11.114000882468757, 11.114000882468757, 11.114000882468757, 11.8237885838683, 14.679637504918519, 15.869480756920158, 16.770157966859525, 16.770157966859525, 16.770157966859525, 16.770157966859525, 16.770157966859525, 16.770157966859525, 16.770157966859525, 16.770157966859525, 16.770157966859525, 17.06820447825485, 17.06820447825485, 17.06820447825485, 17.06820447825485, 17.06820447825485, 17.06820447825485, 17.06820447825485, 17.088121210302457, 17.088121210302457, 17.310235584580578], "4": [8.725858217353883, 9.707201496040337, 10.072182253575102, 10.266571266027547, 10.459975994901962, 10.459975994901962, 10.459975994901962, 10.459975994901962, 10.459975994901962, 10.459975994901962, 10.459975994901962, 10.459975994901962, 10.554059141836635, 10.711622364655007, 11.009631528864844, 11.622902302498481, 12.146974645742741, 12.146974645742741, 12.72508452217466, 13.424261906998588, 13.424261906998588, 13.424261906998588, 13.424261906998588, 14.290867085172135, 14.290867085172135]}