{"0": [17.18027577961229, 18.603782070232366, 18.603782070232366, 18.603782070232366, 18.603782070232366, 20.573832710360925, 20.573832710360925, 20.573832710360925, 20.573832710360925, 20.573832710360925, 20.927198700344476, 20.927198700344476, 20.927198700344476, 20.957327682051428, 20.957327682051428, 20.957327682051428, 20.957327682051428, 20.957327682051428, 20.957327682051428, 21.569194468907536, 21.569194468907536, 21.569194468907536, 23.619445615937106, 23.619445615937106, 26.26509622415167], "1": [11.269865332992282, 11.7848330336549, 11.7848330336549, 11.7848330336549, 11.7848330336549, 11.787496324390025, 13.544276287833174, 17.553885572350644, 17.553885572350644, 18.953857967477553, 19.794950007345435, 19.794950007345435, 19.794950007345435, 19.794950007345435, 22.234581786013948, 22.234581786013948, 22.632216096626156, 22.836913570243972, 22.836913570243972, 22.836913570243972, 22.836913570243972, 22.836913570243972, 22.836913570243972, 22.836913570243972, 23.531825452876774], "2": [9.759017839461563, 9.91382403096152, 10.135656690856093, 11.700578593439362, 13.708684980382397, 13.708684980382397, 13.708684980382397, 13.708684980382397, 13.708684980382397, 13.708684980382397, 13.708684980382397, 13.708684980382397, 13.708684980382397, 13.708684980382397, 13.708684980382397, 13.708684980382397, 13.81174635801397, 13.81174635801397, 13.81174635801397, 13.81174635801397, 16.246067527900614, 19.042298509306804, 19.042298509306804, 19.042298509306804, 19.042298509306804], "3": [11.114000882468757, 11.114000882468757, 11.114000882468757, 12.48971095913067, 14.036392527228054, 14.036392527228054, 14.036392527228054, 14.036392527228054, 14.036392527228054, 14.036392527228054, 14.036392527228054, 14.036392527228054, 14.036392527228054, 14.036392527228054, 14.036392527228054, 14.053900481996154, 16.54887134707689, 18.894676854744986, 18.894676854744986, 18.894676854744986, 18.894676854744986, 18.894676854744986, 18.894676854744986, 18.894676854744986, 18.894676854744986], "4": [8.725858217353883, 9.407887548446626, 10.384893847835814, 10.384893847835814, 10.384893847835814, 10.384893847835814, 13.163944997807665, 13.163944997807665, 13.163944997807665, 16.641197434037736, 16.641197434037736, 16.641197434037736, 16.641197434037736, 16.641197434037736, 16.641197434037736, 20.285043223798183, 20.285043223798183, 21.06723850037669, 21.06723850037669, 21.06723850037669, 21.06723850037669, 21.06723850037669, 21.06723850037669, 21.06723850037669, 21.06723850037669]}