{"0": [4.600820452553178, 4.600820452553178, 4.600820452553178, 4.600820452553178, 4.977336734739132, 4.977336734739132, 4.977336734739132, 6.85752660089319, 8.938037850377862, 8.938037850377862], "1": [4.823721385155279, 6.334324209777327, 6.334324209777327, 6.334324209777327, 6.656152530805171, 7.2235764014458335, 8.741521884578546, 9.45849860159509, 9.45849860159509, 9.45849860159509], "2": [8.041747286075244, 8.041747286075244, 8.792843685453938, 8.792843685453938, 8.792843685453938, 8.792843685453938, 8.792843685453938, 8.792843685453938, 8.792843685453938, 8.792843685453938], "3": [6.538936023043749, 6.538936023043749, 6.538936023043749, 6.538936023043749, 6.538936023043749, 6.538936023043749, 6.538936023043749, 6.538936023043749, 6.538936023043749, 6.538936023043749], "4": [7.694870371664958, 7.694870371664958, 7.694870371664958, 7.694870371664958, 7.694870371664958, 7.694870371664958, 7.694870371664958, 7.694870371664958, 8.225665834419837, 8.408332127767924], "5": [7.482696823677224, 7.482696823677224, 7.482696823677224, 7.482696823677224, 7.482696823677224, 8.670577273491862, 8.670577273491862, 9.404811629301296, 10.845747093437804, 10.940469349447177], "6": [2.7980884133095443, 2.9954967703607176, 2.9954967703607176, 2.9954967703607176, 2.9954967703607176, 2.9954967703607176, 2.9954967703607176, 2.9954967703607176, 2.9954967703607176, 3.3732068730011138], "7": [2.545403246905232, 3.009427461333655, 3.2721322598288647, 3.2721322598288647, 3.2721322598288647, 4.188182074495192, 4.188182074495192, 4.188182074495192, 4.188182074495192, 4.188182074495192], "8": [3.2670961555343268, 6.211443283230042, 7.233006267212552, 8.84909559967672, 8.84909559967672, 9.296434365150414, 9.886963522462617, 9.886963522462617, 9.886963522462617, 10.018736124926916], "9": [5.647860816140234, 5.647860816140234, 5.647860816140234, 5.647860816140234, 5.647860816140234, 5.647860816140234, 6.304226302423911, 6.50289494195834, 6.894487747940183, 8.495051208187903], "10": [8.669067677013393, 8.669067677013393, 8.669067677013393, 9.170118755222804, 9.3813104470948, 9.902271232046376, 9.902271232046376, 9.95018121916707, 9.95018121916707, 9.977948506500095], "11": [4.823721385155279, 4.823721385155279, 4.823721385155279, 4.823721385155279, 4.823721385155279, 4.823721385155279, 4.823721385155279, 4.823721385155279, 4.823721385155279, 4.823721385155279], "12": [4.897223451929525, 4.897223451929525, 4.897223451929525, 4.897223451929525, 6.848898475815436, 11.97419522324021, 11.97419522324021, 11.97419522324021, 11.97419522324021, 11.97419522324021], "13": [6.538936023043749, 6.538936023043749, 6.538936023043749, 6.538936023043749, 6.538936023043749, 6.538936023043749, 6.553891807044691, 6.553891807044691, 6.553891807044691, 6.553891807044691], "14": [5.517873946863244, 5.820413672093551, 5.8874817495472085, 5.9321832313161, 5.9321832313161, 5.9321832313161, 7.257250659863616, 7.257250659863616, 7.257250659863616, 7.257250659863616], "15": [8.605704086703557, 8.605704086703557, 9.919905433489879, 10.15224855405466, 10.15224855405466, 10.15224855405466, 10.869880317209336, 10.869880317209336, 10.869880317209336, 10.869880317209336], "16": [2.7980884133095443, 3.612136783901185, 4.147763870672425, 4.26720918966216, 4.946658686639193, 5.147237177373904, 5.147237177373904, 5.335798314452072, 5.335798314452072, 5.488904426188821], "17": [2.921695437856377, 2.921695437856377, 5.9771903132188715, 6.9808229395679025, 6.9808229395679025, 7.115260618363798, 7.115260618363798, 8.641548752271378, 10.51051268723537, 10.51051268723537], "18": [7.082398507096513, 7.082398507096513, 8.323219428664329, 10.010565510441273, 10.010565510441273, 10.010565510441273, 10.010565510441273, 10.010565510441273, 10.130766562958573, 10.130766562958573], "19": [5.647860816140234, 5.647860816140234, 5.786615106422903, 5.888208827865735, 7.634193942596578, 7.634193942596578, 7.634193942596578, 7.634193942596578, 7.634193942596578, 7.634193942596578], "20": [7.609860515852845, 7.609860515852845, 9.23771838522445, 9.23771838522445, 9.23771838522445, 9.23771838522445, 9.707586456067128, 9.707586456067128, 9.707586456067128, 9.707586456067128], "21": [2.825311984725242, 2.825311984725242, 6.068952808428728, 6.068952808428728, 6.068952808428728, 6.068952808428728, 6.068952808428728, 6.40755125297578, 7.250715040046039, 9.331960389311181], "22": [4.897223451929525, 5.5776141803346215, 8.702864040532054, 8.702864040532054, 9.016978059972503, 12.841960830154925, 12.841960830154925, 12.841960830154925, 12.841960830154925, 12.841960830154925], "23": [6.538936023043749, 6.538936023043749, 6.538936023043749, 6.538936023043749, 6.538936023043749, 7.37132396718073, 7.416472720604636, 7.433421993022533, 7.820600987872496, 7.820600987872496], "24": [5.517873946863244, 5.517873946863244, 5.517873946863244, 5.517873946863244, 5.984091095817627, 6.533279862491848, 6.533279862491848, 6.615799298539628, 6.615799298539628, 6.615799298539628], "25": [7.482696823677224, 7.482696823677224, 7.482696823677224, 7.482696823677224, 7.482696823677224, 7.482696823677224, 7.482696823677224, 7.482696823677224, 7.482696823677224, 7.482696823677224], "26": [2.7980884133095443, 2.7980884133095443, 2.7980884133095443, 2.7980884133095443, 2.7980884133095443, 3.232032487845758, 3.232032487845758, 3.232032487845758, 3.232032487845758, 3.232032487845758], "27": [4.1041383919691095, 4.729135106994594, 4.729135106994594, 4.729135106994594, 4.729135106994594, 4.729135106994594, 4.729135106994594, 4.729135106994594, 4.729135106994594, 5.186941309475364], "28": [7.082398507096513, 7.082398507096513, 10.00575591088416, 10.00575591088416, 10.00575591088416, 10.290175257481472, 10.290175257481472, 11.831351358544536, 11.831351358544536, 11.831351358544536], "29": [5.647860816140234, 5.647860816140234, 5.647860816140234, 5.647860816140234, 5.906427012986579, 6.54577349395434, 6.54577349395434, 8.900750799784554, 8.902802241457682, 8.902802241457682]}