{"0": [17.18027577961229, 17.18027577961229, 17.18027577961229, 17.18027577961229, 17.18027577961229, 17.18027577961229, 17.18027577961229, 17.18027577961229, 17.18027577961229, 17.18027577961229, 17.18027577961229, 17.18027577961229, 17.18027577961229, 17.18027577961229, 17.18027577961229, 17.18027577961229, 17.18027577961229, 17.18027577961229, 17.18027577961229, 17.18027577961229, 17.572885724690295, 17.572885724690295, 17.572885724690295, 17.572885724690295, 17.572885724690295], "1": [11.269865332992282, 11.269865332992282, 11.269865332992282, 11.269865332992282, 11.269865332992282, 11.269865332992282, 11.269865332992282, 11.269865332992282, 11.269865332992282, 11.269865332992282, 11.269865332992282, 11.269865332992282, 11.269865332992282, 11.269865332992282, 11.269865332992282, 11.269865332992282, 11.269865332992282, 11.269865332992282, 11.269865332992282, 11.269865332992282, 11.269865332992282, 11.269865332992282, 14.129028044357849, 14.129028044357849, 14.129028044357849], "2": [9.759017839461563, 9.759017839461563, 9.759017839461563, 9.759017839461563, 9.759017839461563, 11.619069625288478, 11.619069625288478, 11.619069625288478, 11.619069625288478, 11.619069625288478, 11.619069625288478, 11.619069625288478, 11.619069625288478, 11.619069625288478, 17.379670892982123, 17.379670892982123, 17.379670892982123, 17.379670892982123, 17.379670892982123, 17.379670892982123, 17.379670892982123, 17.379670892982123, 17.379670892982123, 17.379670892982123, 17.379670892982123], "3": [11.114000882468757, 11.114000882468757, 11.114000882468757, 11.114000882468757, 11.114000882468757, 11.114000882468757, 11.114000882468757, 11.114000882468757, 11.114000882468757, 11.114000882468757, 11.114000882468757, 11.114000882468757, 11.114000882468757, 13.909658473152627, 13.909658473152627, 13.909658473152627, 13.909658473152627, 13.909658473152627, 13.909658473152627, 13.909658473152627, 13.909658473152627, 13.909658473152627, 13.909658473152627, 13.909658473152627, 13.909658473152627], "4": [8.725858217353883, 19.863909427446846, 19.863909427446846, 19.863909427446846, 19.863909427446846, 19.863909427446846, 19.863909427446846, 27.598959105187404, 27.598959105187404, 27.598959105187404, 27.598959105187404, 27.598959105187404, 27.598959105187404, 27.755430588506627, 27.755430588506627, 27.755430588506627, 27.755430588506627, 27.755430588506627, 27.755430588506627, 27.755430588506627, 27.755430588506627, 27.755430588506627, 27.755430588506627, 27.755430588506627, 27.755430588506627]}