{
    "0": [
        4.600820452553178,
        4.600820452553178,
        5.209801486024704,
        5.5334432327148075,
        6.173463054339742,
        6.285284512689002,
        7.333786593752933,
        7.333786593752933,
        7.333786593752933,
        7.333786593752933
    ],
    "1": [
        4.823721385155279,
        4.823721385155279,
        4.823721385155279,
        4.823721385155279,
        4.823721385155279,
        5.696107918590443,
        9.759266723735447,
        9.759266723735447,
        9.759266723735447,
        9.759266723735447
    ],
    "2": [
        8.041747286075244,
        8.041747286075244,
        8.288154104643613,
        8.288154104643613,
        8.288154104643613,
        8.288154104643613,
        8.288154104643613,
        8.288154104643613,
        8.288154104643613,
        8.288154104643613
    ],
    "3": [
        6.538936023043749,
        6.538936023043749,
        6.538936023043749,
        6.538936023043749,
        6.538936023043749,
        6.538936023043749,
        6.647706062149299,
        8.040585619748587,
        8.040585619748587,
        8.295227991891451
    ],
    "4": [
        7.694870371664958,
        7.694870371664958,
        7.694870371664958,
        7.694870371664958,
        8.476549607832855,
        8.476549607832855,
        8.476549607832855,
        8.476549607832855,
        8.476549607832855,
        8.476549607832855
    ],
    "5": [
        7.482696823677224,
        7.482696823677224,
        7.482696823677224,
        7.482696823677224,
        7.482696823677224,
        8.670577273491862,
        8.670577273491862,
        8.670577273491862,
        8.670577273491862,
        11.319911751889064
    ],
    "6": [
        2.7980884133095443,
        2.9954967703607176,
        3.370462975944504,
        3.6955516315827794,
        3.6955516315827794,
        3.6955516315827794,
        3.6955516315827794,
        3.6955516315827794,
        3.6955516315827794,
        3.6955516315827794
    ],
    "7": [
        2.545403246905232,
        8.023920148567163,
        8.023920148567163,
        8.49799315083691,
        8.49799315083691,
        8.49799315083691,
        8.49799315083691,
        8.49799315083691,
        8.49799315083691,
        9.310527577302826
    ],
    "8": [
        3.2670961555343268,
        6.211443283230042,
        6.44387194235088,
        6.44387194235088,
        6.44387194235088,
        6.44387194235088,
        6.803578671542395,
        6.803578671542395,
        7.1242249643014235,
        7.1242249643014235
    ],
    "9": [
        5.647860816140234,
        5.647860816140234,
        5.647860816140234,
        5.647860816140234,
        9.087812809356244,
        9.087812809356244,
        9.087812809356244,
        9.087812809356244,
        9.087812809356244,
        9.087812809356244
    ],
    "10": [
        8.669067677013393,
        8.669067677013393,
        8.669067677013393,
        8.669067677013393,
        8.669067677013393,
        8.669067677013393,
        8.669067677013393,
        8.669067677013393,
        8.669067677013393,
        8.669067677013393
    ],
    "11": [
        4.823721385155279,
        4.823721385155279,
        4.823721385155279,
        4.823721385155279,
        4.823721385155279,
        4.823721385155279,
        4.823721385155279,
        4.823721385155279,
        4.823721385155279,
        4.823721385155279
    ],
    "12": [
        4.897223451929525,
        4.897223451929525,
        4.897223451929525,
        4.897223451929525,
        5.031297143954807,
        5.241631011015532,
        5.241631011015532,
        5.954490630248157,
        5.954490630248157,
        5.954490630248157
    ],
    "13": [
        6.538936023043749,
        6.538936023043749,
        6.538936023043749,
        6.538936023043749,
        6.538936023043749,
        6.538936023043749,
        6.538936023043749,
        6.538936023043749,
        6.538936023043749,
        7.13198619593595
    ],
    "14": [
        5.517873946863244,
        5.820413672093551,
        5.820413672093551,
        5.844403930404237,
        5.844403930404237,
        7.312453723639779,
        7.312453723639779,
        7.312453723639779,
        7.312453723639779,
        7.312453723639779
    ],
    "15": [
        8.605704086703557,
        8.605704086703557,
        8.605704086703557,
        8.605704086703557,
        8.605704086703557,
        8.605704086703557,
        8.605704086703557,
        8.605704086703557,
        10.290354853979412,
        10.290354853979412
    ],
    "16": [
        2.7980884133095443,
        2.7980884133095443,
        2.7980884133095443,
        3.8448044189349133,
        3.8448044189349133,
        7.516218290424293,
        7.516218290424293,
        7.516218290424293,
        7.516218290424293,
        7.516218290424293
    ],
    "17": [
        2.921695437856377,
        2.921695437856377,
        2.921695437856377,
        2.921695437856377,
        2.921695437856377,
        5.453092472208261,
        5.786348805923866,
        5.787485157352948,
        6.946660511660366,
        6.946660511660366
    ],
    "18": [
        7.082398507096513,
        7.082398507096513,
        7.082398507096513,
        7.082398507096513,
        7.082398507096513,
        7.082398507096513,
        7.082398507096513,
        7.082398507096513,
        7.082398507096513,
        7.082398507096513
    ],
    "19": [
        5.647860816140234,
        5.647860816140234,
        5.647860816140234,
        5.647860816140234,
        5.647860816140234,
        5.647860816140234,
        5.647860816140234,
        5.647860816140234,
        5.647860816140234,
        7.313847283823276
    ],
    "20": [
        7.609860515852845,
        8.107581164735276,
        8.107581164735276,
        8.107581164735276,
        8.107581164735276,
        8.107581164735276,
        8.44371813192694,
        8.44371813192694,
        8.526394032927866,
        8.526394032927866
    ],
    "21": [
        2.825311984725242,
        2.8809436132220423,
        2.8809436132220423,
        3.0311825873541975,
        3.0311825873541975,
        7.056148183935368,
        7.056148183935368,
        7.056148183935368,
        7.056148183935368,
        7.056148183935368
    ],
    "22": [
        4.897223451929525,
        5.5776141803346215,
        5.5776141803346215,
        5.5776141803346215,
        5.5776141803346215,
        6.205497765243659,
        6.205497765243659,
        6.205497765243659,
        6.205497765243659,
        6.205497765243659
    ],
    "23": [
        6.538936023043749,
        6.538936023043749,
        6.538936023043749,
        6.538936023043749,
        6.538936023043749,
        6.538936023043749,
        6.538936023043749,
        8.625173020114175,
        8.625173020114175,
        8.625173020114175
    ],
    "24": [
        5.517873946863244,
        5.517873946863244,
        5.7652369100926775,
        7.732941590835066,
        7.732941590835066,
        7.732941590835066,
        7.732941590835066,
        7.732941590835066,
        7.732941590835066,
        7.732941590835066
    ],
    "25": [
        7.482696823677224,
        7.482696823677224,
        7.482696823677224,
        7.482696823677224,
        7.482696823677224,
        7.482696823677224,
        7.482696823677224,
        7.482696823677224,
        7.482696823677224,
        7.482696823677224
    ],
    "26": [
        2.7980884133095443,
        2.7980884133095443,
        2.7980884133095443,
        7.15159423539473,
        7.956584683529422,
        8.491569411883434,
        8.491569411883434,
        8.491569411883434,
        8.491569411883434,
        8.491569411883434
    ],