{"0": [17.18027577961229, 18.592464853225554, 19.08070406676381, 20.732055739982858, 20.732055739982858, 20.85624164359655, 20.85624164359655, 20.85624164359655, 20.85624164359655, 20.85624164359655, 20.85624164359655, 20.85624164359655, 20.85624164359655, 23.186669278410545, 23.186669278410545, 23.186669278410545, 23.186669278410545, 23.186669278410545, 23.186669278410545, 23.186669278410545, 23.186669278410545, 24.61852645870252, 24.61852645870252, 24.61852645870252, 24.61852645870252], "1": [11.269865332992282, 15.821130395765788, 15.821130395765788, 15.821130395765788, 15.821130395765788, 15.821130395765788, 15.821130395765788, 15.821130395765788, 15.821130395765788, 15.821130395765788, 15.821130395765788, 15.821130395765788, 15.821130395765788, 15.821130395765788, 15.821130395765788, 15.821130395765788, 15.821130395765788, 16.529621922185424, 16.529621922185424, 16.529621922185424, 16.529621922185424, 16.529621922185424, 16.529621922185424, 16.529621922185424, 17.215433509491753], "2": [9.759017839461563, 10.849809591578795, 12.413775227084514, 12.413775227084514, 12.413775227084514, 12.413775227084514, 12.413775227084514, 12.413775227084514, 12.413775227084514, 12.413775227084514, 13.015327246577703, 14.95843107792194, 14.95843107792194, 14.95843107792194, 14.95843107792194, 14.95843107792194, 14.95843107792194, 14.95843107792194, 14.95843107792194, 14.95843107792194, 14.95843107792194, 14.95843107792194, 15.505622710367991, 15.505622710367991, 15.505622710367991], "3": [11.114000882468757, 11.114000882468757, 11.114000882468757, 12.226194953517115, 12.226194953517115, 12.226194953517115, 12.226194953517115, 12.226194953517115, 12.226194953517115, 12.226194953517115, 12.629903557539004, 12.629903557539004, 12.629903557539004, 12.629903557539004, 12.801837171733048, 12.801837171733048, 16.54007101695832, 16.54007101695832, 16.54007101695832, 16.54007101695832, 16.54007101695832, 16.54007101695832, 16.54007101695832, 16.54007101695832, 16.54007101695832], "4": [8.725858217353883, 9.407887548446626, 9.74433044071157, 10.500335868169916, 10.500335868169916, 10.500335868169916, 10.500335868169916, 10.500335868169916, 13.306737870712668, 13.306737870712668, 13.306737870712668, 13.306737870712668, 14.279983132185295, 14.279983132185295, 14.279983132185295, 14.279983132185295, 14.792916180223557, 14.792916180223557, 14.792916180223557, 14.792916180223557, 14.792916180223557, 14.792916180223557, 15.92792750846449, 15.92792750846449, 15.92792750846449]}