{"0": [4.600820452553178, 4.600820452553178, 4.600820452553178, 5.209801486024704, 5.209801486024704, 5.2373109300706595, 5.826384366831829, 5.826384366831829, 6.439697647728462, 6.439697647728462], "1": [4.823721385155279, 6.5886324983112505, 6.5886324983112505, 6.621171343681721, 6.667286434549516, 7.9888500702936325, 7.9888500702936325, 9.365362749423555, 9.365362749423555, 9.365362749423555], "2": [8.041747286075244, 8.041747286075244, 8.041747286075244, 8.792843685453938, 8.792843685453938, 8.792843685453938, 8.792843685453938, 8.792843685453938, 8.792843685453938, 8.792843685453938], "3": [6.538936023043749, 6.538936023043749, 6.538936023043749, 6.538936023043749, 6.885877680085113, 6.885877680085113, 6.885877680085113, 6.885877680085113, 6.885877680085113, 9.599292520256016], "4": [7.694870371664958, 7.694870371664958, 7.694870371664958, 7.694870371664958, 7.694870371664958, 7.694870371664958, 7.694870371664958, 7.694870371664958, 8.225665834419837, 8.225665834419837], "5": [7.482696823677224, 7.482696823677224, 7.482696823677224, 9.32720819341103, 9.32720819341103, 9.32720819341103, 9.32720819341103, 9.955051368540895, 9.986960766031478, 9.986960766031478], "6": [2.7980884133095443, 2.7980884133095443, 2.9157037591175117, 3.939161566293791, 3.939161566293791, 3.939161566293791, 3.939161566293791, 5.887277510145915, 5.887277510145915, 5.887277510145915], "7": [2.545403246905232, 2.545403246905232, 3.154929130001792, 3.154929130001792, 3.154929130001792, 3.1586002590055617, 3.1586002590055617, 3.1586002590055617, 3.1586002590055617, 3.1586002590055617], "8": [3.2670961555343268, 10.198312352851802, 10.198312352851802, 10.198312352851802, 10.198312352851802, 12.371560014901847, 12.371560014901847, 12.371560014901847, 12.371560014901847, 12.371560014901847], "9": [5.647860816140234, 5.647860816140234, 5.647860816140234, 5.647860816140234, 5.647860816140234, 5.647860816140234, 5.647860816140234, 5.647860816140234, 6.119575527295068, 6.119575527295068], "10": [8.669067677013393, 8.669067677013393, 8.669067677013393, 8.669067677013393, 9.259560106503134, 9.259560106503134, 9.259560106503134, 9.842867680545114, 9.842867680545114, 9.842867680545114], "11": [4.823721385155279, 4.823721385155279, 5.014581524677531, 5.014581524677531, 5.014581524677531, 5.014581524677531, 5.014581524677531, 6.838802733390589, 6.838802733390589, 6.838802733390589], "12": [4.897223451929525, 5.886749624330127, 5.886749624330127, 6.165539109471454, 6.165539109471454, 6.165539109471454, 6.165539109471454, 6.165539109471454, 6.165539109471454, 6.29054824105365], "13": [6.538936023043749, 6.538936023043749, 6.8971457889128365, 6.8971457889128365, 7.083194269612549, 7.083194269612549, 7.083194269612549, 7.083194269612549, 7.083194269612549, 7.733876329734523], "14": [5.517873946863244, 5.517873946863244, 6.209218444938077, 6.209218444938077, 6.209218444938077, 6.209218444938077, 6.409010294762845, 6.409010294762845, 6.409010294762845, 6.409010294762845], "15": [8.605704086703557, 8.605704086703557, 8.721523304273243, 9.115531847431269, 9.919905433489879, 9.919905433489879, 9.919905433489879, 9.919905433489879, 9.919905433489879, 9.919905433489879], "16": [2.7980884133095443, 3.4779826162514342, 3.4779826162514342, 3.8448044189349133, 3.8448044189349133, 4.886485585460049, 4.886485585460049, 4.886485585460049, 4.886485585460049, 4.886485585460049], "17": [2.921695437856377, 2.921695437856377, 2.921695437856377, 2.921695437856377, 4.856207382630097, 4.856207382630097, 4.856207382630097, 5.811685454453732, 5.811685454453732, 6.810764535378039], "18": [7.082398507096513, 7.082398507096513, 7.082398507096513, 7.082398507096513, 9.298980772332149, 9.298980772332149, 9.298980772332149, 9.298980772332149, 9.298980772332149, 9.298980772332149], "19": [5.647860816140234, 5.647860816140234, 5.647860816140234, 5.703089033299533, 5.703089033299533, 6.001098025562991, 6.001098025562991, 6.001098025562991, 6.001098025562991, 6.026459382847945], "20": [7.609860515852845, 7.682057978993545, 7.884573723465708, 8.487967386940834, 9.166111284914471, 9.166111284914471, 9.166111284914471, 9.166111284914471, 9.166111284914471, 9.166111284914471], "21": [2.825311984725242, 4.000817688130914, 4.183617280004564, 4.183617280004564, 5.108161007247123, 5.108161007247123, 5.108161007247123, 5.283214162940459, 5.283214162940459, 5.283214162940459], "22": [4.897223451929525, 6.842561688562107, 6.842561688562107, 6.842561688562107, 6.842561688562107, 6.842561688562107, 6.842561688562107, 6.842561688562107, 6.842561688562107, 6.842561688562107], "23": [6.538936023043749, 6.538936023043749, 6.9165132489427945, 6.9165132489427945, 6.9165132489427945, 6.9165132489427945, 6.9165132489427945, 6.9165132489427945, 6.9165132489427945, 6.9165132489427945], "24": [5.517873946863244, 5.517873946863244, 5.960524423230569, 6.681509253344728, 6.681509253344728, 6.681509253344728, 6.681509253344728, 6.681509253344728, 7.012885745662025, 7.012885745662025], "25": [7.482696823677224, 7.482696823677224, 8.670577273491862, 8.670577273491862, 8.670577273491862, 8.670577273491862, 8.670577273491862, 9.374183886647259, 9.374183886647259, 9.374183886647259], "26": [2.7980884133095443, 2.7980884133095443, 3.0153605768252185, 3.0153605768252185, 3.951456675408488, 4.659578804244554, 4.659578804244554, 4.659578804244554, 8.412413447005939, 8.412413447005939], "27": [4.1041383919691095, 4.729135106994594, 5.55663930810471, 5.55663930810471, 5.55663930810471, 8.33902423415694, 8.33902423415694, 8.33902423415694, 8.33902423415694, 8.33902423415694], "28": [7.082398507096513, 7.082398507096513, 7.082398507096513, 8.14062883062162, 8.14062883062162, 8.14062883062162, 9.61945531611999, 9.61945531611999, 9.61945531611999, 9.61945531611999], "29": [5.647860816140234, 5.647860816140234, 5.647860816140234, 5.647860816140234, 5.647860816140234, 5.647860816140234, 6.984946026969406, 6.984946026969406, 6.984946026969406, 6.984946026969406]}