{"0": [4.600820452553178, 4.600820452553178, 5.255610475743579, 5.255610475743579, 5.255610475743579, 6.031570665360162, 6.031570665360162, 6.031570665360162, 6.031570665360162, 6.031570665360162], "1": [4.823721385155279, 4.823721385155279, 4.823721385155279, 6.310709478306231, 6.596925315424962, 8.924107842653909, 8.924107842653909, 8.924107842653909, 8.924107842653909, 8.924107842653909], "2": [8.041747286075244, 8.041747286075244, 8.041747286075244, 8.041747286075244, 8.424076431877824, 8.424076431877824, 8.424076431877824, 8.424076431877824, 8.424076431877824, 8.424076431877824], "3": [6.538936023043749, 6.538936023043749, 6.538936023043749, 6.538936023043749, 6.799047845711568, 10.50732866451617, 10.50732866451617, 10.50732866451617, 10.965285441169922, 11.365008467547822], "4": [7.694870371664958, 7.694870371664958, 7.694870371664958, 7.694870371664958, 7.694870371664958, 8.278686014460899, 8.278686014460899, 8.278686014460899, 8.278686014460899, 8.278686014460899], "5": [7.482696823677224, 7.482696823677224, 7.482696823677224, 7.482696823677224, 7.482696823677224, 8.670577273491862, 8.670577273491862, 9.374183886647259, 10.066171204734092, 10.066171204734092], "6": [2.7980884133095443, 2.9954967703607176, 2.9954967703607176, 2.9954967703607176, 2.9954967703607176, 2.9954967703607176, 2.9954967703607176, 2.9954967703607176, 2.9954967703607176, 2.9954967703607176], "7": [2.545403246905232, 8.023920148567163, 8.259906251545216, 10.76506299047339, 11.422395816050118, 11.422395816050118, 11.422395816050118, 11.958496044154202, 11.958496044154202, 11.966270543872533], "8": [3.2670961555343268, 6.211443283230042, 7.359556020557735, 7.432228176799935, 8.645828227477296, 9.421301861514332, 12.817434443506485, 13.110081294863958, 13.110081294863958, 13.110081294863958], "9": [5.647860816140234, 5.647860816140234, 5.647860816140234, 5.647860816140234, 6.732201144189765, 7.555319516970836, 9.107265610660768, 9.107265610660768, 9.107265610660768, 9.107265610660768], "10": [8.669067677013393, 8.669067677013393, 10.074933440472227, 10.079511061387427, 10.079511061387427, 10.079511061387427, 10.871752221860927, 11.168595009714169, 11.168595009714169, 11.168595009714169], "11": [4.823721385155279, 4.823721385155279, 4.823721385155279, 4.823721385155279, 4.823721385155279, 4.858328500979557, 7.426067848361915, 7.6966406906683575, 7.6966406906683575, 7.6966406906683575], "12": [4.897223451929525, 4.897223451929525, 4.897223451929525, 4.897223451929525, 6.848898475815436, 9.98897238778761, 9.98897238778761, 10.556422698901777, 10.556422698901777, 10.556422698901777], "13": [6.538936023043749, 6.538936023043749, 6.538936023043749, 6.538936023043749, 6.538936023043749, 6.538936023043749, 6.538936023043749, 7.026498395978819, 7.026498395978819, 7.026498395978819], "14": [5.517873946863244, 5.820413672093551, 5.888680832465252, 6.5240991875661525, 6.5240991875661525, 6.5240991875661525, 6.5240991875661525, 6.5240991875661525, 6.5240991875661525, 6.5240991875661525], "15": [8.605704086703557, 8.605704086703557, 9.919905433489879, 9.919905433489879, 9.919905433489879, 10.07758088007508, 10.07758088007508, 10.07758088007508, 10.07758088007508, 10.07758088007508], "16": [2.7980884133095443, 2.7980884133095443, 2.8745351905635332, 2.9954967703607176, 2.9954967703607176, 2.9954967703607176, 2.9954967703607176, 2.9954967703607176, 3.31478730722682, 3.31478730722682], "17": [2.921695437856377, 2.921695437856377, 2.921695437856377, 2.921695437856377, 2.921695437856377, 2.921695437856377, 2.921695437856377, 2.921695437856377, 2.921695437856377, 2.921695437856377], "18": [7.082398507096513, 7.082398507096513, 7.082398507096513, 11.845711766510519, 11.845711766510519, 11.845711766510519, 11.845711766510519, 11.845711766510519, 11.845711766510519, 11.845711766510519], "19": [5.647860816140234, 5.647860816140234, 5.786615106422903, 6.5435285803478855, 8.844228291378867, 8.844228291378867, 8.844228291378867, 8.844228291378867, 9.056665461658348, 9.056665461658348], "20": [7.609860515852845, 8.107581164735276, 8.282554176771521, 8.282554176771521, 8.282554176771521, 8.282554176771521, 8.41005767448966, 8.514012885673658, 8.835283877856362, 9.272007249409008], "21": [2.825311984725242, 5.696107918590443, 5.696107918590443, 6.473558039420951, 7.8958200867382535, 7.9910957160767655, 7.9910957160767655, 7.9910957160767655, 7.9910957160767655, 8.754786287511372], "22": [4.897223451929525, 5.5776141803346215, 6.098613413451752, 6.8341194604640325, 7.600579186968509, 7.948038302487373, 8.9118163609127, 8.9118163609127, 8.9118163609127, 8.9118163609127], "23": [6.538936023043749, 6.538936023043749, 6.538936023043749, 6.538936023043749, 9.851065393506218, 9.851065393506218, 9.851065393506218, 9.995847689716014, 9.995847689716014, 9.995847689716014], "24": [5.517873946863244, 5.517873946863244, 5.7652369100926775, 5.933089315067928, 6.803016043079045, 6.803016043079045, 6.803016043079045, 6.803016043079045, 6.803016043079045, 7.540396811595041], "25": [7.482696823677224, 7.482696823677224, 7.482696823677224, 7.482696823677224, 7.482696823677224, 7.482696823677224, 7.482696823677224, 7.482696823677224, 7.482696823677224, 7.482696823677224], "26": [2.7980884133095443, 2.7980884133095443, 2.7980884133095443, 2.7980884133095443, 2.7980884133095443, 3.232032487845758, 3.232032487845758, 4.419975278618674, 4.419975278618674, 7.01903032638273], "27": [4.1041383919691095, 4.729135106994594, 4.729135106994594, 4.729135106994594, 5.477001990162109, 5.6041011774674185, 5.6041011774674185, 5.623232453995935, 6.147873184007644, 6.147873184007644], "28": [7.082398507096513, 7.082398507096513, 7.082398507096513, 7.082398507096513, 8.296943337709738, 9.978087934670961, 17.232216579256736, 17.232216579256736, 17.356302410188164, 17.356302410188164], "29": [5.647860816140234, 5.647860816140234, 5.647860816140234, 5.647860816140234, 5.906427012986579, 6.374215093451379, 6.449226331749518, 8.036608269678192, 8.544583127208735, 9.36654416897582]}